id;author;quote;color
1;Valnice Milhomens;Que dos nossos lábios, brotem fruto de sabedoria, sensatez, riqueza, sustento, e tudo que é próprio de um canal do bom e do bem.;#fd9529
2;Valnice Milhomens;Se cristão é ser a reprodução de Jesus Cristo em seu caráter e em sua missão.;#fd4629
3;Valnice Milhomens;A fé não é transferida pela coletividade;#a5ab4a
4;Valnice Milhomens;O Calvário não foi em vão e o seus efeitos continuam vivos e operantes, disponíveis a todo aquele que crê.;#88e225
5;Valnice Milhomens;Libertação não é substituto de arrependimento e confissão de pecados.;#25e2d1
6;Valnice Milhomens;O plano de Deus é um só e não há plano paralelo. Seguir o caminho paralelo é estar fora do verdadeiro plano.;#258be2
7;Valnice Milhomens;Só provará o sabor da vitória quem primeiro provou o furor da batalha.;#5425e2
8;Valnice Milhomens;Temos que romper as velhas estruturas para conter o novo mover.;#ab25e2
9;Valnice Milhomens;Para cada estágio de restauração, virá um nível de ataque.;#e225b9
10;Valnice Milhomens;Deus em sua economia divina, não nos permitirá experiências desnecessárias.;#5a4949
11;Valnice Milhomens;Desviar tempo e energia para considerar os comentários de terceiros é derrota.;#82ef8f
12;Valnice Milhomens;Em nosso cotidiano todas as situações, tanto as boas como as más, são usadas por Deus para forjar em nós o caráter de Cristo.;#82dbef
13;Valnice Milhomens;Santidade é a soma de todos os atributos morais de Deus.;#e69ac8
14;Valnice Milhomens;As nossas atitudes não devem ser movidas por reações emocionais geradas por terceiros, mas por princípios divinos.;#000000
15;Valnice Milhomens;Jesus desceu ao nível do homem para levar-nos ao nível de Deus.;#6c18a0
16;Valnice Milhomens;Para discernir um engano, há que se ter um ponto de referência, e este é a Palavra de Deus.;#e22525
17;Valnice Milhomens;Da união entre o Espírito e a Palavra vida é gerada.;#965757
18;Valnice Milhomens;Palavras confessada ssão sementes plantadas. Confissôes repetidas são sementes regadas. Terminarão germinando. Então nunca verbalize o que não quer ver manifesto.;#1a18a0
19;Valnice Milhomens;O Cristianismo não é Religião a varejo, é um relacionamento pessoal transformador com Jesus Cristo.;#efa603
20;Valnice Milhomens;Humildade é um estado equilibrado de si mesmo, nem para mais nem para menos.;#a5ab4a
21;Valnice Milhomens;Vou Te obedecer sem nunca Te questionar. Confiar em Ti sob qualquer circunstância.;#9a8eda
22;Valnice Milhomens;Experiência é caminho trilhado.;#000000
23;Valnice Milhomens;"A coisa mais importante não é como se começa, mas como se termina! A recompensa é para o que ""PERSEVERAR ATÉ AO FIM"".";#18a09a
24;Valnice Milhomens;Se tenho convicção de que Deus me pediu algo, Ele tem tudo de mim!;#fd9529
25;Valnice Milhomens;Não vale a pena fazer qualquer coisa na vida, que não seja cumprir os propósitos de Yahweh. Não vivemos para construir reinos pessoais. Temos o privilégio de viver por Ele.;#fd4629
26;Valnice Milhomens;Nós não nos firmamos no que somos, mas no que Ele fez por nós;#a5ab4a
27;Valnice Milhomens;Quando temos mais para fazer do que possibilidades de dar conta, estamos fazendo coisas acerca das quais Deus não falou. Ele, em sua sabedoria, jamais nos pede mais do que temos condições de fazer, e NADA nos confia para nossa Destruição;#88e225
28;Valnice Milhomens;"Quando você se converte, o Espirito se torna residente, mas quando é batizado, o Espírito se torna presidente; Quando você recebe a Cristo, tem o Espírito, mas quando é batizado por Jesus no Espírito Santo, é o Espírito quem o tem";#25e2d1
29;Valnice Milhomens;Se eu não venço a tentação, não é porque Deus não me deu armas, é porque ou não as usei ou porque amo o pecado.;#258be2
30;Valnice Milhomens;A Igreja é mais que um prédio, ela é composta por pedras vivas, isto é, pessoas em cujas vidas Cristo se reproduz;#5425e2
31;Valnice Milhomens;O triunfo de sua missão está intimamente ligado ao cumprimento conjunto do papel de cada um. (Falando sobre a Igreja);#ab25e2
32;Valnice Milhomens;O Amor não é um sentimento da alma, mas uma virtude de um espírito recriado pela semente Divina;#e225b9
33;Valnice Milhomens;O Reino de Deus não é para todos, em oferta sim, em pratica, não. O Reino de Deus destina-se exclusivamente aos que aceitam as exigências do Reino.;#5a4949
34;Valnice Milhomens;O Lugar mais seguro da terra, é o centro da vontade de Deus;#82ef8f
35;Valnice Milhomens;Nada tem a ver comigo, tudo tem a ver com Ele. Tudo o que preciso fazer é crer e obedecer;#82dbef
36;Valnice Milhomens;Ninguém cumpre chamado divino com métodos humanos. Cumpre-se chamado divino com métodos divinos!;#e69ac8
37;Valnice Milhomens;O adorador torna-se semelhante aquele a quem adora.;#18a09a
38;Valnice Milhomens;Muitos fogem do legalismo religioso e chegam ao extremo da completa liberdade da carne e suas mentes ficam complemente cauterizadas.;#fd9529
